"project_id";"project_name";"app_id";"app_name";"first_seen_at";"last_seen_at";"last_seen_app_version";"last_seen_ip_country";"last_seen_platform";"last_seen_platform_version";"last_seen_sdk_version";"last_seen_locale";"price_experiment_id";"price_experiment_variant";"email";"phone_number";"media_source";"campaign";"ad_group";"ad";"keyword";"creative";"idfa";"idfv";"gps_ad_id";"custom_attributes";"has_made_sandbox_purchase";"latest_entitlement";"latest_entitlements";"latest_product";"is_rc_promo";"first_purchase_at";"trial_start_at";"trial_end_at";"most_recent_purchase_at";"most_recent_renewal_at";"latest_expiration_at";"subscription_opt_out_at";"trial_opt_out_at";"total_renewals";"total_spent";"latest_store";"latest_store_country";"latest_auto_renew_intent";"all_purchased_product_ids";"most_recent_billing_issues_at";"status";"has_made_a_non_subscription_purchase";"latest_offer";"latest_offer_type";"latest_purchased_offering";"latest_ownership_type";"app_user_id";"currency"
"64e4e5d3";"360 Photo";"appa7ef959a0b";"360 Photo Cam (App Store)";1747410273353;1757394254000;"2.0.8";"CH";"iOS";"Version 18.6.2 (Build 22G100)";"4.43.2";"de-DE,de;q=0.9";;;;;;;;;;;;;;;"f";;"pro";"com.dospace.photo360.10credits.monthly";false;1754496785000;;;1757394362000;1757394362000;1759986362000;1757490565612;;1;31.320906531229794;"app_store";"CH";"f";"com.dospace.photo360.10credits.monthly,com.dospace.photo360.10credits";;"cancelled";"t";;"no_offer";"main_offering";"PURCHASED";"68275d60e77d8251d9cb3b35";"USD"
"64e4e5d3";"360 Photo";"appceea5b82bb";"360 Photo Cam (Play Store)";1756827710283;1756827710000;"2.0.6";"US";"android";"35";"7.12.0";"en-US";;;;;;;;;;;;;;;"f";;"pro";"monthly_subscription_10_credits:automatic-monthly-subscription";false;1756828132530;;;1756828132530;;1759420128836;;;0;9.990000000000000;"play_store";"US";"t";"monthly_subscription_10_credits:automatic-monthly-subscription";;"active";"f";;"no_offer";"main_offering";"PURCHASED";"eb43ce6b-7f89-47fd-a2a4-437d79d59d6f";"USD"
"64e4e5d3";"360 Photo";"appa7ef959a0b";"360 Photo Cam (App Store)";1753109428740;1753197829000;"2.0.5";"IT";"iOS";"Version 18.5 (Build 22F76)";"4.43.2";"en-GB,en;q=0.9";;;;;;;;;;;;;;;"f";;"pro";"com.dospace.photo360.10credits.monthly";false;1753175432000;;;1755853832000;1755853832000;1758532232000;;;1;18.617618846742356;"app_store";"IT";"t";"com.dospace.photo360.10credits.monthly";;"active";"f";;"no_offer";"main_offering";"PURCHASED";"735bb129-ff64-471c-b461-e30f30811a30";"USD"
"64e4e5d3";"360 Photo";"appa7ef959a0b";"360 Photo Cam (App Store)";1756037674329;1757078634000;"2.0.8";"BR";"iOS";"Version 18.6 (Build 22G86)";"4.43.2";"fr-FR,fr;q=0.9";;;;;;;;;;;;;;;"f";;"pro";"com.dospace.photo360.10credits.monthly";false;1756247207000;;;1756247207000;;1758925607000;;;0;11.603083934781145;"app_store";"FR";"t";"com.dospace.photo360.10credits.monthly";;"active";"f";;"no_offer";"main_offering";"PURCHASED";"685ea6a6-4ace-4091-a4e8-e2d7375e590c";"USD"
"64e4e5d3";"360 Photo";"appceea5b82bb";"360 Photo Cam (Play Store)";1757344674457;1757433936000;"2.0.6";"IT";"android";"35";"7.12.0";"el-GR";;;;;;;;;;;;;;;"f";;"pro";"monthly_subscription_10_credits:automatic-monthly-subscription";false;1757421256755;;;1757421256755;;1760013221623;;;0;12.938133588878149;"play_store";"IT";"t";"monthly_subscription_10_credits:automatic-monthly-subscription";;"active";"f";;"no_offer";"main_offering";"PURCHASED";"ea153bd1-ff38-49cc-bc66-0638b7cfc294";"USD"
"64e4e5d3";"360 Photo";"appceea5b82bb";"360 Photo Cam (Play Store)";1755026664965;1755902163000;"2.0.6";"BR";"android";"35";"7.12.0";"pt-BR";;;;;;;;;;;;;;;"f";;"pro";"monthly_subscription_10_credits:automatic-monthly-subscription";false;1755120830967;;;1755127802835;;1757799225794;;;0;12.398881916291812;"play_store";"BR";"t";"credit_1,monthly_subscription_10_credits:automatic-monthly-subscription";;"active";"t";;"no_offer";"main_offering";"PURCHASED";"bd9b1fa1-1ac1-4f93-93e6-d0bb8428900a";"USD"
"64e4e5d3";"360 Photo";"appceea5b82bb";"360 Photo Cam (Play Store)";1751538729168;1754902705000;"2.0.6";"AT";"android";"34";"7.12.0";"de-AT";;;;;;;;;;;;;;;"f";;"pro";"monthly_subscription_10_credits:automatic-monthly-subscription";false;1751619041308;;;1756975790202;1756975790202;1759567790202;;;2;27.959846952217807;"play_store";"AT";"t";"monthly_subscription_10_credits:automatic-monthly-subscription";;"active";"f";;"no_offer";"main_offering";"PURCHASED";"6bfc8a06-6327-483f-b041-00ba75972945";"USD"
"64e4e5d3";"360 Photo";"appceea5b82bb";"360 Photo Cam (Play Store)";1756592182009;1756592182000;"2.0.6";"EC";"android";"35";"7.12.0";"es-US";;;;;;;;;;;;;;;"f";;"pro";"monthly_subscription_10_credits:automatic-monthly-subscription";false;1756592845473;;;1756592845473;;1759271242505;1757208772607;;0;9.990000000000000;"play_store";"EC";"f";"monthly_subscription_10_credits:automatic-monthly-subscription";;"cancelled";"f";;"no_offer";"main_offering";"PURCHASED";"21e009b4-cc72-4822-a17f-c4158e30de93";"USD"
"64e4e5d3";"360 Photo";"appa7ef959a0b";"360 Photo Cam (App Store)";1756950899599;1756950899000;"2.0.8";"US";"iOS";"Version 18.6.2 (Build 22G100)";"4.43.2";"en-US,en;q=0.9";;;;;;;;;;;;;;;"f";;"pro";"com.dospace.photo360.10credits.monthly";false;1756951006000;;;1756951006000;;1759543006000;;;0;9.990000000000000;"app_store";"US";"t";"com.dospace.photo360.10credits.monthly";;"active";"f";;"no_offer";"main_offering";"PURCHASED";"c70a102f-b0d8-42e0-884c-bffd19c4e760";"USD"
"64e4e5d3";"360 Photo";"appceea5b82bb";"360 Photo Cam (Play Store)";1748535642936;1753725694000;"2.0.3";"DE";"android";"35";"7.12.0";"en-US";;;;;;;;;;;;;;;"f";;"pro";"monthly_subscription_10_credits:automatic-monthly-subscription";false;1748624954655;;;1756573751473;1756573751473;1759252151473;;;3;47.949999999999998;"play_store";"US";"t";"credits_20,monthly_subscription_10_credits:automatic-monthly-subscription";;"active";"t";;"no_offer";"main_offering";"PURCHASED";"6838895a9fb7f6751badb07b";"USD"
"64e4e5d3";"360 Photo";"appa7ef959a0b";"360 Photo Cam (App Store)";1755017860616;1755893499000;"2.0.8";"BR";"iOS";"Version 18.5 (Build 22F76)";"4.43.2";"pt-BR,pt;q=0.9";;;;;;;;;;;;;;;"f";;"pro";"com.dospace.photo360.10credits.monthly";false;1755269604000;;;1755698059000;;1758376459000;;;0;15.658929641741117;"app_store";"BR";"t";"com.dospace.photo360.1credit,com.dospace.photo360.10credits.monthly";;"active";"t";;"no_offer";"main_offering";"PURCHASED";"67388f9e-bc9b-4d2e-b5d0-88c3a292cbda";"USD"
"64e4e5d3";"360 Photo";"appceea5b82bb";"360 Photo Cam (Play Store)";1755528906682;1755528906000;"2.0.6";"CA";"android";"35";"7.12.0";"fr-CA";;;;;;;;;;;;;;;"f";;"pro";"monthly_subscription_10_credits:automatic-monthly-subscription";false;1755552738729;;;1755553599801;;1758231833950;1755553615501;;0;14.029918420768624;"play_store";"CA";"f";"credit_1,monthly_subscription_10_credits:automatic-monthly-subscription";;"cancelled";"t";;"no_offer";"main_offering";"PURCHASED";"8aa0feb6-abef-4946-97d9-3c8ffc0fcd24";"USD"
"64e4e5d3";"360 Photo";"appceea5b82bb";"360 Photo Cam (Play Store)";1755072691057;1755072691000;"2.0.6";"HU";"android";"35";"7.12.0";"hu-HU";;;;;;;;;;;;;;;"f";;"pro";"monthly_subscription_10_credits:automatic-monthly-subscription";false;1755075524865;;;1755075524865;;1757753883124;;;0;12.949303441629294;"play_store";"HU";"t";"monthly_subscription_10_credits:automatic-monthly-subscription";;"active";"f";;"no_offer";"main_offering";"PURCHASED";"ebe57c51-1359-4e11-9626-c686eb48eb27";"USD"
"64e4e5d3";"360 Photo";"appceea5b82bb";"360 Photo Cam (Play Store)";1745839823605;1756565209000;"2.0.6";"TR";"android";"33";"7.12.0";"tr-TR";;;;;;;;;;;;;;;"f";;"pro";"monthly_subscription_10_credits:automatic-monthly-subscription";false;1755773342995;;;1755773342995;;1758451739880;;;0;11.848039048033186;"play_store";"TR";"t";"monthly_subscription_10_credits:automatic-monthly-subscription";;"active";"f";;"no_offer";"main_offering";"PURCHASED";"679e53b6e2409129d87df46c";"USD"
"64e4e5d3";"360 Photo";"appceea5b82bb";"360 Photo Cam (Play Store)";1750407866397;1750407866000;"2.0.2";"IT";"android";"35";"7.12.0";"it-IT";;;;;;;;;;;;;;;"f";;"pro";"monthly_subscription_10_credits:automatic-monthly-subscription";false;1750410780810;;;1755681138931;1755681138931;1758359538931;;;2;27.790625503610019;"play_store";"IT";"t";"monthly_subscription_10_credits:automatic-monthly-subscription";;"active";"f";;"no_offer";"main_offering";"PURCHASED";"68551ab9cea3c24f1af0ced5";"USD"
"64e4e5d3";"360 Photo";"appa7ef959a0b";"360 Photo Cam (App Store)";1753341896959;1757291060000;"2.0.8";"AU";"iOS";"Version 18.6.2 (Build 22G100)";"4.43.2";"en-AU,en;q=0.9";;;;;;;;;;;;;;;"f";;"pro";"com.dospace.photo360.10credits.monthly";false;1754432873000;;;1757111273000;1757111273000;1759703273000;1757291060799;;1;19.475870719612163;"app_store";"AU";"f";"com.dospace.photo360.10credits.monthly";;"cancelled";"f";;"no_offer";"main_offering";"PURCHASED";"df8ee968-b531-443d-8768-89a1df49d420";"USD"
"64e4e5d3";"360 Photo";"appa7ef959a0b";"360 Photo Cam (App Store)";1756370397723;1756370397000;"2.0.8";"GB";"iOS";"Version 18.6.2 (Build 22G100)";"4.43.2";"en-GB,en;q=0.9";;;;;;;;;;;;;;;"f";;"pro";"com.dospace.photo360.10credits.monthly";false;1756370434000;;;1756370434000;;1759048834000;1756469982122;;0;13.491066726086782;"app_store";"GB";"f";"com.dospace.photo360.10credits.monthly";;"cancelled";"f";;"no_offer";"main_offering";"PURCHASED";"6f481d5d-a9e4-43c5-96c2-6d0baba8c30e";"USD"
"64e4e5d3";"360 Photo";"appa7ef959a0b";"360 Photo Cam (App Store)";1756125557912;1756310735000;"2.0.8";"BR";"iOS";"Version 18.5 (Build 22F76)";"4.43.2";"pt-BR,pt;q=0.9";;;;;;;;;;;;;;;"f";;"pro";"com.dospace.photo360.10credits.monthly";false;1756312448000;;;1756312448000;;1758990848000;;;0;11.026839954346306;"app_store";"BR";"t";"com.dospace.photo360.10credits.monthly";;"active";"f";;"no_offer";"main_offering";"PURCHASED";"3ecd968c-f3db-40f7-ace9-755dff104d40";"USD"
"64e4e5d3";"360 Photo";"appceea5b82bb";"360 Photo Cam (Play Store)";1755578963473;1756291752000;"2.0.6";"HU";"android";"35";"7.12.0";"hu-HU";;;;;;;;;;;;;;;"f";;"pro";"monthly_subscription_10_credits:automatic-monthly-subscription";false;1755791240682;;;1755791333192;;1758469595142;;;0;15.591895966783144;"play_store";"HU";"t";"monthly_subscription_10_credits:automatic-monthly-subscription,credit_1";;"active";"t";;"no_offer";"main_offering";"PURCHASED";"38b7b914-b1eb-45f1-b66b-5d5ce8affe3e";"USD"
"64e4e5d3";"360 Photo";"appa7ef959a0b";"360 Photo Cam (App Store)";1756449677843;1756878776000;"2.0.8";"AE";"iOS";"Version 18.6.2 (Build 22G100)";"4.43.2";"en-GB,en;q=0.9";;;;;;;;;;;;;;;"f";;"pro";"com.dospace.photo360.10credits.monthly";false;1756573855000;;;1756697197000;;1759252255000;1756658193374;;0;33.744848728561633;"app_store";"GB";"f";"com.dospace.photo360.10credits,com.dospace.photo360.10credits.monthly";;"cancelled";"t";;"no_offer";"main_offering";"PURCHASED";"e2d875e1-51ba-40ee-8002-578183c7703a";"USD"
"64e4e5d3";"360 Photo";"appa7ef959a0b";"360 Photo Cam (App Store)";1749215095713;1751787356000;"2.0.5";"SK";"iOS";"Version 18.5 (Build 22F76)";"4.43.2";"sk-SK,sk;q=0.9";;;;;;;;;;;;;;;"f";;"pro";"com.dospace.photo360.10credits.monthly";false;1750373880000;;;1755644280000;1755644280000;1758322680000;;;2;27.781886246568277;"app_store";"SK";"t";"com.dospace.photo360.10credits.monthly";;"active";"f";;"no_offer";"main_offering";"PURCHASED";"6842e7769fb7f6751bae561d";"USD"
"64e4e5d3";"360 Photo";"appa7ef959a0b";"360 Photo Cam (App Store)";1749548146274;1750702671000;"2.0.3";"ES";"iOS";"Version 17.6.1 (Build 21G93)";"4.43.2";"en-GB,en;q=0.9";;;;;;;;;;;;;;;"f";;"pro";"com.dospace.photo360.10credits.monthly";false;1749595314000;;;1754865714000;1754865714000;1757544114000;;;2;27.823289941702604;"app_store";"ES";"t";"com.dospace.photo360.10credits.monthly";;"active";"f";;"no_offer";"main_offering";"PURCHASED";"6847fc710a3c31f87879766a";"USD"
"64e4e5d3";"360 Photo";"appceea5b82bb";"360 Photo Cam (Play Store)";1755836209863;1756961324000;"2.0.6";"VN";"android";"35";"7.12.0";"vi-VN";;;;;;;;;;;;;;;"f";;"pro";"monthly_subscription_10_credits:automatic-monthly-subscription";false;1755836289711;;;1755836289711;;1758514686526;;;0;9.911448918950750;"play_store";"VN";"t";"monthly_subscription_10_credits:automatic-monthly-subscription";;"active";"f";;"no_offer";"main_offering";"PURCHASED";"6f972f81-f3bd-4633-afd8-83e9fdc2a8c3";"USD"
"64e4e5d3";"360 Photo";"appa7ef959a0b";"360 Photo Cam (App Store)";1752067771998;1753362103000;"2.0.5";"EG";"iOS";"Version 18.5 (Build 22F76)";"4.43.2";"en-GB,en-US;q=0.9,en;q=0.8";;;;;;;;;;;;;;;"f";;"pro";"com.dospace.photo360.10credits.monthly";false;1752072133000;;;1757428933000;1757428933000;1760020933000;;;2;24.581405172687165;"app_store";"EG";"t";"com.dospace.photo360.10credits.monthly";;"active";"f";;"no_offer";"main_offering";"PURCHASED";"778e47ab-a2b0-4387-8827-91d1cbb338c9";"USD"
"64e4e5d3";"360 Photo";"appa7ef959a0b";"360 Photo Cam (App Store)";1749500824954;1755445792000;"2.0.7";"US";"iOS";"Version 18.6.1 (Build 22G90)";"4.43.2";"en-US,en;q=0.9";;;;;;;;;;;;;;;"f";;"pro";"com.dospace.photo360.10credits.monthly";false;1749941219000;;;1755211619000;1755211619000;1757890019000;;;2;22.260000000000000;"app_store";"US";"t";"com.dospace.photo360.1credit,com.dospace.photo360.10credits.monthly";;"active";"t";;"no_offer";"main_offering";"PURCHASED";"6795541be2409129d87dada3";"USD"
"64e4e5d3";"360 Photo";"appceea5b82bb";"360 Photo Cam (Play Store)";1753345152460;1756356158000;"2.0.6";"SG";"android";"33";"7.12.0";"en-GB";;;;;;;;;;;;;;;"f";;"pro";"monthly_subscription_10_credits:automatic-monthly-subscription";false;1754873354744;;;1754873354744;;1757551749629;;;0;10.886439418404230;"play_store";"SG";"t";"monthly_subscription_10_credits:automatic-monthly-subscription";;"active";"f";;"no_offer";;"PURCHASED";"de7b59c1-6051-4f3e-a230-f02e3bc5b51d";"USD"
"64e4e5d3";"360 Photo";"appa7ef959a0b";"360 Photo Cam (App Store)";1756407848248;1757363893000;"2.0.8";"CH";"iOS";"Version 18.6.2 (Build 22G100)";"4.43.2";"de-DE,de;q=0.9";;;;;;;;;;;;;;;"f";;"pro";"com.dospace.photo360.10credits.monthly";false;1756407937000;;;1756407937000;;1759086337000;;;0;12.475485670657159;"app_store";"CH";"t";"com.dospace.photo360.10credits.monthly";;"active";"f";;"no_offer";"main_offering";"PURCHASED";"dfdb3d4e-a44f-4ad6-b635-3a4e5ec84013";"USD"
"64e4e5d3";"360 Photo";"appa7ef959a0b";"360 Photo Cam (App Store)";1750152419997;1755507687000;"2.0.7";"GB";"iOS";"Version 18.6.1 (Build 22G90)";"4.43.2";"en-GB,en;q=0.9";;;;;;;;;;;;;;;"f";;"pro";"com.dospace.photo360.10credits.monthly";false;1750227000000;;;1755497400000;1755497400000;1758175800000;1755507687637;;2;28.259163797106737;"app_store";"GB";"f";"com.dospace.photo360.10credits.monthly";;"cancelled";"f";;"no_offer";"main_offering";"PURCHASED";"685134e2cea3c24f1af07981";"USD"
"64e4e5d3";"360 Photo";"appa7ef959a0b";"360 Photo Cam (App Store)";1756401184536;1756401184000;"2.0.8";"US";"iOS";"Version 18.5 (Build 22F76)";"4.43.2";"en-US,en;q=0.9";;;;;;;;;;;;;;;"f";;"pro";"com.dospace.photo360.10credits.monthly";false;1756402350000;;;1756402393000;;1759080750000;1756502243842;;0;11.980000000000000;"app_store";"US";"f";"com.dospace.photo360.1credit,com.dospace.photo360.10credits.monthly";;"cancelled";"t";;"no_offer";"main_offering";"PURCHASED";"697dc0be-8a3e-45a0-b300-a80402cca98d";"USD"
"64e4e5d3";"360 Photo";"appa7ef959a0b";"360 Photo Cam (App Store)";1746293878366;1753723235000;"2.0.5";"US";"iOS";"Version 18.5 (Build 22F76)";"4.43.2";"en-US,en;q=0.9";;;;;;;;;;;;;;;"f";;"pro";"com.dospace.photo360.10credits.monthly";false;1746293942000;;;1756921172000;1756921172000;1759513172000;;;4;36.240000000000000;"app_store";"US";"t";"com.dospace.photo360.1credit,com.dospace.photo360.10credits.monthly";;"active";"t";;"no_offer";"main_offering";"PURCHASED";"681654751eb85fd4b74c140f";"USD"
"64e4e5d3";"360 Photo";"appa7ef959a0b";"360 Photo Cam (App Store)";1756035651137;1756736143000;"2.0.8";"BR";"iOS";"Version 18.6.1 (Build 22G90)";"4.43.2";"pt-BR,pt;q=0.9";;;;;;;;;;;;;;;"f";;"pro";"com.dospace.photo360.10credits.monthly";false;1756146979000;;;1756146979000;;1758825379000;;;0;11.044259640034575;"app_store";"BR";"t";"com.dospace.photo360.10credits.monthly";;"active";"f";;"no_offer";"main_offering";"PURCHASED";"c2690cb8-05ec-4c3e-894d-111881e19677";"USD"
"64e4e5d3";"360 Photo";"appa7ef959a0b";"360 Photo Cam (App Store)";1755365159981;1756812050000;"2.0.8";"GB";"iOS";"Version 18.6.2 (Build 22G100)";"4.43.2";"en-GB,en;q=0.9";;;;;;;;;;;;;;;"f";;"pro";"com.dospace.photo360.10credits.monthly";false;1755366027000;;;1756823131000;;1758044427000;1755466580290;;0;16.239246384183544;"app_store";"GB";"f";"com.dospace.photo360.1credit,com.dospace.photo360.10credits.monthly";;"cancelled";"t";;"no_offer";"main_offering";"PURCHASED";"ceb609d1-2b1d-4619-9aa9-ff43cabbc575";"USD"
"64e4e5d3";"360 Photo";"appceea5b82bb";"360 Photo Cam (Play Store)";1750851259557;1756578437000;"2.0.6";"BR";"android";"35";"7.12.0";"pt-BR";;;;;;;;;;;;;;;"f";;"pro";"monthly_subscription_10_credits:automatic-monthly-subscription";false;1756035863178;;;1756035863178;;1758714259968;1756036194207;;0;10.328066923069828;"play_store";"BR";"f";"monthly_subscription_10_credits:automatic-monthly-subscription";;"cancelled";"f";;"no_offer";"main_offering";"PURCHASED";"f9e51680-7d60-43ab-a190-fe772aab7707";"USD"
"64e4e5d3";"360 Photo";"appceea5b82bb";"360 Photo Cam (Play Store)";1757058606875;1757220434000;"2.0.6";"MY";"android";"35";"7.12.0";"en-SG";;;;;;;;;;;;;;;"f";;"pro";"monthly_subscription_10_credits:automatic-monthly-subscription";false;1757059029602;;;1757059029602;;1759651026529;;;0;10.888299635399404;"play_store";"MY";"t";"monthly_subscription_10_credits:automatic-monthly-subscription";;"active";"f";;"no_offer";"main_offering";"PURCHASED";"a6795873-e702-4d8a-ba21-34c8ac50ce65";"USD"
"64e4e5d3";"360 Photo";"appceea5b82bb";"360 Photo Cam (Play Store)";1756511114192;1757408537000;"2.0.6";"TH";"android";"31";"7.12.0";"en-GB";;;;;;;;;;;;;;;"f";;"pro";"monthly_subscription_10_credits:automatic-monthly-subscription";false;1756917160244;;;1756917160244;;1759509155159;;;0;10.825858335910919;"play_store";"TH";"t";"monthly_subscription_10_credits:automatic-monthly-subscription";;"active";"f";;"no_offer";"main_offering";"PURCHASED";"cfeeddec-1bd5-4222-9d0e-2c4e09d4c9bf";"USD"
"64e4e5d3";"360 Photo";"appa7ef959a0b";"360 Photo Cam (App Store)";1757143733878;1757143733000;"2.0.8";"TH";"iOS";"Version 18.6.2 (Build 22G100)";"4.43.2";"th-TH,th;q=0.9";;;;;;;;;;;;;;;"f";;"pro";"com.dospace.photo360.10credits.monthly";false;1757143795000;;;1757143795000;;1759735795000;1757238639615;;0;12.448838471890413;"app_store";"TH";"f";"com.dospace.photo360.10credits.monthly";;"cancelled";"f";;"no_offer";"main_offering";"PURCHASED";"55db92a6-3ac3-47e2-900e-20dcb8b2f121";"USD"
"64e4e5d3";"360 Photo";"appa7ef959a0b";"360 Photo Cam (App Store)";1755744721828;1756726866000;"2.0.8";"ID";"iOS";"Version 18.5 (Build 22F76)";"4.43.2";"id-ID,id;q=0.9";;;;;;;;;;;;;;;"f";;"pro";"com.dospace.photo360.10credits.monthly";false;1755990630000;;;1755990630000;;1758669030000;;;0;10.410570733360027;"app_store";"ID";"t";"com.dospace.photo360.10credits.monthly";;"active";"f";;"no_offer";"main_offering";"PURCHASED";"88e7a5ac-8893-467d-a28e-e8253c72470b";"USD"
"64e4e5d3";"360 Photo";"appa7ef959a0b";"360 Photo Cam (App Store)";1755158036287;1757027463000;"2.0.8";"KR";"iOS";"Version 18.6.2 (Build 22G100)";"4.43.2";"en-US,en;q=0.9";;;;;;;;;;;;;;;"f";;"pro";"com.dospace.photo360.10credits.monthly";false;1755679073000;;;1755679073000;;1758357473000;1757057353992;;0;10.055004826581872;"app_store";"KR";"f";"com.dospace.photo360.10credits.monthly";;"cancelled";"f";;"no_offer";"main_offering";"PURCHASED";"51d0a883-d71e-48e4-9f0b-57685770cf92";"USD"
"64e4e5d3";"360 Photo";"appa7ef959a0b";"360 Photo Cam (App Store)";1756578021165;1757402547000;"2.0.8";"SA";"iOS";"Version 18.6.2 (Build 22G100)";"4.43.2";"en-US,en;q=0.9";;;;;;;;;;;;;;;"f";;"pro";"com.dospace.photo360.10credits.monthly";false;1756646022000;;;1756646261000;;1759238022000;1756745609063;;0;45.298549902756554;"app_store";"SA";"f";"com.dospace.photo360.10credits.monthly,com.dospace.photo360.20credits";;"cancelled";"t";;"no_offer";"main_offering";"PURCHASED";"c1e181d9-0cbc-4789-b9ed-fe051054a414";"USD"
"64e4e5d3";"360 Photo";"appceea5b82bb";"360 Photo Cam (Play Store)";1756012625872;1756618473000;"2.0.6";"LK";"android";"31";"7.12.0";"en-GB";;;;;;;;;;;;;;;"f";;"pro";"monthly_subscription_10_credits:automatic-monthly-subscription";false;1756618873350;;;1756618873350;;1759210869515;;;0;10.034251860677029;"play_store";"LK";"t";"monthly_subscription_10_credits:automatic-monthly-subscription";;"active";"f";;"no_offer";"main_offering";"PURCHASED";"63b378df-7e85-4318-8d7c-3921e6c0d237";"USD"
"64e4e5d3";"360 Photo";"appceea5b82bb";"360 Photo Cam (Play Store)";1754118560149;1757437710000;"2.0.6";"US";"android";"35";"7.12.0";"en-US";;;;;;;;;;;;;;;"f";;"pro";"monthly_subscription_10_credits:automatic-monthly-subscription";false;1754967285046;;;1757095092469;;1757645682272;;;0;11.980000000000000;"play_store";"US";"t";"monthly_subscription_10_credits:automatic-monthly-subscription,credit_1";;"active";"t";;"no_offer";"main_offering";"PURCHASED";"2c0c6020-71de-4bcf-bf82-3b950bf807cb";"USD"
"64e4e5d3";"360 Photo";"appceea5b82bb";"360 Photo Cam (Play Store)";1755326653159;1756194964000;"2.0.6";"IR";"android";"36";"7.12.0";"en-US-u-fw-mon-mu-celsius";;;;;;;;;;;;;;;"f";;"pro";"monthly_subscription_10_credits:automatic-monthly-subscription";false;1755327390259;;;1755327390259;;1758005760882;1755327890551;;0;11.693127390711982;"play_store";"NL";"f";"monthly_subscription_10_credits:automatic-monthly-subscription";;"cancelled";"f";;"no_offer";"main_offering";"PURCHASED";"c707c84e-d336-497a-a4bb-bfa4bdf9e63d";"USD"
"64e4e5d3";"360 Photo";"appa7ef959a0b";"360 Photo Cam (App Store)";1756561963770;1757377307000;"2.0.8";"BR";"iOS";"Version 18.6.2 (Build 22G100)";"4.43.2";"pt-BR,pt;q=0.9";;;;;;;;;;;;;;;"f";;"pro";"com.dospace.photo360.10credits.monthly";false;1756563134000;;;1756563134000;;1759241534000;;;0;11.028464116065839;"app_store";"BR";"t";"com.dospace.photo360.10credits.monthly";;"active";"f";;"no_offer";"main_offering";"PURCHASED";"af50b5c2-3834-4ccd-972b-d56a643c401e";"USD"
"64e4e5d3";"360 Photo";"appceea5b82bb";"360 Photo Cam (Play Store)";1755793478011;1755793478000;"2.0.6";"US";"android";"36";"7.12.0";"en-US";;;;;;;;;;;;;;;"f";;"pro";"monthly_subscription_10_credits:automatic-monthly-subscription";false;1755793680320;;;1755793680320;;1758472077029;;;0;9.990000000000000;"play_store";"US";"t";"monthly_subscription_10_credits:automatic-monthly-subscription";;"active";"f";;"no_offer";"main_offering";"PURCHASED";"fc34a318-18b4-4bd3-bcb0-1418f74879c3";"USD"
"64e4e5d3";"360 Photo";"appceea5b82bb";"360 Photo Cam (Play Store)";1745440065493;1757437933000;"2.0.6";"GB";"android";"35";"7.12.0";"en-GB";;;;;;;;;;;;;;;"f";;"pro";"monthly_subscription_10_credits:automatic-monthly-subscription";false;1756682000913;;;1756682000913;;1759273997947;;;0;12.140544015211468;"play_store";"GB";"t";"monthly_subscription_10_credits:automatic-monthly-subscription";;"active";"f";;"no_offer";"main_offering";"PURCHASED";"67f5902577a29d0b53218445";"USD"
"64e4e5d3";"360 Photo";"appa7ef959a0b";"360 Photo Cam (App Store)";1749807737134;1753788670000;"2.0.5";"CZ";"iOS";"Version 18.5 (Build 22F76)";"4.43.2";"cs-CZ,cs;q=0.9";;;;;;;;;;;;;;;"f";;"pro";"com.dospace.photo360.10credits.monthly";false;1750065901000;;;1756494137000;1756494137000;1759172537000;;;1;20.661077472770290;"app_store";"CZ";"t";"com.dospace.photo360.10credits.monthly,com.dospace.photo360.1credit";;"active";"t";;"no_offer";"main_offering";"PURCHASED";"684bf278cea3c24f1aefeb00";"USD"
"64e4e5d3";"360 Photo";"appceea5b82bb";"360 Photo Cam (Play Store)";1752593580466;1752593580000;"2.0.3";"US";"android";"35";"7.12.0";"en-US";;;;;;;;;;;;;;;"f";;"pro";"monthly_subscription_10_credits:automatic-monthly-subscription";false;1752593796830;;;1755272193601;1755272193601;1757950593601;;;1;13.980000000000000;"play_store";"US";"t";"monthly_subscription_10_credits:automatic-monthly-subscription";;"active";"f";;"no_offer";"main_offering";"PURCHASED";"1372795f-446a-4f92-9b01-c89482161ee1";"USD"
"64e4e5d3";"360 Photo";"appceea5b82bb";"360 Photo Cam (Play Store)";1750267162828;1750429814000;"2.0.2";"PL";"android";"35";"7.12.0";"pl-PL-u-mu-celsius";;;;;;;;;;;;;;;"f";;"pro";"monthly_subscription_10_credits:automatic-monthly-subscription";false;1750345138685;;;1755705106549;1755705106549;1758293894179;;;2;28.573025044427327;"play_store";"PL";"t";"monthly_subscription_10_credits:automatic-monthly-subscription";;"active";"f";;"no_offer";"main_offering";"PURCHASED";"6852f519cea3c24f1af0a1ca";"USD"
"64e4e5d3";"360 Photo";"appa7ef959a0b";"360 Photo Cam (App Store)";1754395119540;1755783448000;"2.0.8";"ZA";"iOS";"Version 17.7.2 (Build 21H221)";"4.43.2";"en-GB,en;q=0.9";;;;;;;;;;;;;;;"f";;"pro";"com.dospace.photo360.10credits.monthly";false;1755154250000;;;1755154250000;;1757832650000;1756230076436;;0;11.424801055704403;"app_store";"ZA";"f";"com.dospace.photo360.10credits.monthly";;"cancelled";"f";;"no_offer";"main_offering";"PURCHASED";"0cb76e36-1feb-48c7-8394-11c90307d589";"USD"
"64e4e5d3";"360 Photo";"appceea5b82bb";"360 Photo Cam (Play Store)";1757470707120;1757470707000;"2.0.6";"US";"android";"36";"7.12.0";"en-US";;;;;;;;;;;;;;;"f";;"pro";"monthly_subscription_10_credits:automatic-monthly-subscription";false;1757470755781;;;1757470755781;;1760062753957;;;0;9.990000000000000;"play_store";"US";"t";"monthly_subscription_10_credits:automatic-monthly-subscription";;"active";"f";;"no_offer";"main_offering";"PURCHASED";"9023b41c-a6fe-4758-a845-2bc8960dd894";"USD"
"64e4e5d3";"360 Photo";"appceea5b82bb";"360 Photo Cam (Play Store)";1756977045070;1757327197000;"2.0.8";"TR";"iOS";"Version 18.6.2 (Build 22G100)";"4.43.2";"tr-TR,tr;q=0.9";;;;;;;;;;;;;;;"f";;"pro";"monthly_subscription_10_credits:automatic-monthly-subscription";false;1756977374878;;;1756977374878;;1759569371852;;;0;11.781982955419045;"play_store";"TR";"t";"monthly_subscription_10_credits:automatic-monthly-subscription";;"active";"f";;"no_offer";"main_offering";"PURCHASED";"bc461e89-7826-4b8d-a357-adfaea2d48f1";"USD"
"64e4e5d3";"360 Photo";"appceea5b82bb";"360 Photo Cam (Play Store)";1755344402175;1755344402000;"2.0.6";"DE";"android";"33";"7.12.0";"en-US";;;;;;;;;;;;;;;"f";;"pro";"monthly_subscription_10_credits:automatic-monthly-subscription";false;1755344417987;;;1755344482631;;1758022814410;1755600018605;;0;69.980000000000002;"play_store";"US";"f";"credits_50,monthly_subscription_10_credits:automatic-monthly-subscription";;"cancelled";"t";;"no_offer";"main_offering";"PURCHASED";"b7a5abc0-117e-47d7-bc56-06dec996491b";"USD"
"64e4e5d3";"360 Photo";"appceea5b82bb";"360 Photo Cam (Play Store)";1750201611325;1750286503000;"2.0.2";"PE";"android";"33";"7.12.0";"es-US";;;;;;;;;;;;;;;"f";;"pro";"monthly_subscription_10_credits:automatic-monthly-subscription";false;1750286496029;;;1755647397147;1755647397147;1758235639998;;;2;23.148759854371376;"play_store";"PE";"t";"credit_1,monthly_subscription_10_credits:automatic-monthly-subscription";;"active";"t";;"no_offer";"main_offering";"PURCHASED";"6851f50acea3c24f1af08c62";"USD"
"64e4e5d3";"360 Photo";"appceea5b82bb";"360 Photo Cam (Play Store)";1756829016039;1757420546000;"2.0.6";"FR";"android";"33";"7.12.0";"fr-FR";;;;;;;;;;;;;;;"f";;"pro";"monthly_subscription_10_credits:automatic-monthly-subscription";false;1756831886901;;;1756831886901;;1759423836085;;;0;11.703415077606879;"play_store";"FR";"t";"monthly_subscription_10_credits:automatic-monthly-subscription";;"active";"f";;"no_offer";"main_offering";"PURCHASED";"8276715d-ae0d-4789-ab7a-86060df91689";"USD"
"64e4e5d3";"360 Photo";"appceea5b82bb";"360 Photo Cam (Play Store)";1756830385853;1756830385000;"2.0.6";"DE";"android";"35";"7.12.0";"de-DE";;;;;;;;;;;;;;;"f";;"pro";"monthly_subscription_10_credits:automatic-monthly-subscription";false;1756831062263;;;1756833483580;;1759423058228;1756831332089;;0;14.151877291040150;"play_store";"DE";"f";"monthly_subscription_10_credits:automatic-monthly-subscription,credit_1";;"cancelled";"t";;"no_offer";"main_offering";"PURCHASED";"817d49bb-f9d0-4655-99ab-9d8acb8de6d0";"USD"
"64e4e5d3";"360 Photo";"appceea5b82bb";"360 Photo Cam (Play Store)";1757120307407;1757298343000;"2.0.6";"MX";"android";"35";"7.12.0";"es-US";;;;;;;;;;;;;;;"f";;"pro";"monthly_subscription_10_credits:automatic-monthly-subscription";false;1757178553992;;;1757298993241;;1759770550806;;;0;13.997410307248364;"play_store";"MX";"t";"monthly_subscription_10_credits:automatic-monthly-subscription,credit_1";;"active";"t";;"no_offer";"main_offering";"PURCHASED";"f7a69340-930b-45f9-b249-df298b15661d";"USD"
"64e4e5d3";"360 Photo";"appa7ef959a0b";"360 Photo Cam (App Store)";1744130279438;1754049968000;"2.0.6";"UY";"android";"35";"7.12.0";"en-US";;;;;;;;;;;;;;;"f";;"pro";"com.dospace.photo360.10credits.monthly";false;1745496527122;;;1755641895000;1755641895000;1758320295000;;;4;41.940000000000000;"app_store";"US";"t";"com.dospace.photo360.10credits.monthly,monthly_subscription_10_credits:automatic-monthly-subscription";;"active";"f";;"no_offer";"main_offering";"PURCHASED";"67f550e577a29d0b53217fc8";"USD"
"64e4e5d3";"360 Photo";"appceea5b82bb";"360 Photo Cam (Play Store)";1756629437935;1757066318000;"2.0.6";"VN";"android";"35";"7.12.0";"vi-VN";;;;;;;;;;;;;;;"f";;"pro";"monthly_subscription_10_credits:automatic-monthly-subscription";false;1756638766429;;;1756638766429;;1759230763271;;;0;9.944961093186564;"play_store";"VN";"t";"monthly_subscription_10_credits:automatic-monthly-subscription";;"active";"f";;"no_offer";"main_offering";"PURCHASED";"12e517e9-6bba-4249-a124-d3c239ee02de";"USD"
"64e4e5d3";"360 Photo";"appceea5b82bb";"360 Photo Cam (Play Store)";1745765347145;1757480766000;"2.0.6";"US";"android";"36";"7.12.0";"en-US";;;;;;;;;;;;;;;"f";;"pro";"monthly_subscription_10_credits:automatic-monthly-subscription";false;1745767273803;;;1756308070418;1756308070418;1758986470418;;;4;34.950000000000000;"play_store";"US";"t";"monthly_subscription_10_credits:automatic-monthly-subscription";;"active";"f";;"no_offer";;"PURCHASED";"680e43e05fbd7dd3d698f42c";"USD"
"64e4e5d3";"360 Photo";"appceea5b82bb";"360 Photo Cam (Play Store)";1756576722407;1757175047000;"2.0.6";"US";"android";"35";"7.12.0";"en-US";;;;;;;;;;;;;;;"f";;"pro";"monthly_subscription_10_credits:automatic-monthly-subscription";false;1756577241263;;;1756577241263;;1759255637942;1756577281859;;0;9.990000000000000;"play_store";"US";"f";"monthly_subscription_10_credits:automatic-monthly-subscription";;"cancelled";"f";;"no_offer";;"PURCHASED";"eaf420e5-4dbf-40ba-84a2-ddedb6203386";"USD"
"64e4e5d3";"360 Photo";"appa7ef959a0b";"360 Photo Cam (App Store)";1754336231076;1757390831000;"2.0.8";"HU";"iOS";"Version 18.5 (Build 22F76)";"4.43.2";"hu-HU,hu;q=0.9";;;;;;;;;;;;;;;"f";;"pro";"com.dospace.photo360.10credits.monthly";false;1756369650000;;;1756369650000;;1759048050000;;;0;13.190730471219014;"app_store";"HU";"t";"com.dospace.photo360.10credits.monthly";;"active";"f";;"no_offer";"main_offering";"PURCHASED";"675763432d36a6a6a857c0a1";"USD"
"64e4e5d3";"360 Photo";"appceea5b82bb";"360 Photo Cam (Play Store)";1756190733145;1756738899000;"2.0.6";"DE";"android";"35";"7.12.0";"de-DE";;;;;;;;;;;;;;;"f";;"pro";"monthly_subscription_10_credits:automatic-monthly-subscription";false;1756192866564;;;1756193615895;;1758872012400;1756802448353;;0;14.030555949164788;"play_store";"DE";"f";"monthly_subscription_10_credits:automatic-monthly-subscription,credit_1";;"cancelled";"t";;"no_offer";;"PURCHASED";"44a58e54-b63e-4673-bdc8-363b63838f2e";"USD"
"64e4e5d3";"360 Photo";"appceea5b82bb";"360 Photo Cam (Play Store)";1755430200718;1755866006000;"2.0.6";"AE";"android";"35";"7.12.0";"ar-AE";;;;;;;;;;;;;;;"f";;"pro";"monthly_subscription_10_credits:automatic-monthly-subscription";false;1755573363927;;;1755573363927;;1758251759963;1755574462601;;0;9.990000000000000;"play_store";"US";"f";"monthly_subscription_10_credits:automatic-monthly-subscription";;"cancelled";"f";;"no_offer";"main_offering";"PURCHASED";"8ad12169-75e4-4a75-87a1-600fdb23f53c";"USD"
"64e4e5d3";"360 Photo";"appceea5b82bb";"360 Photo Cam (Play Store)";1755089207629;1757191416000;"2.0.6";"BR";"android";"33";"7.12.0";"pt-BR";;;;;;;;;;;;;;;"f";;"pro";"monthly_subscription_10_credits:automatic-monthly-subscription";false;1755173940491;;;1755173940491;;1757852335892;;;0;10.383516931864545;"play_store";"BR";"t";"monthly_subscription_10_credits:automatic-monthly-subscription";;"active";"f";;"no_offer";"main_offering";"PURCHASED";"a7b3859e-016e-4e14-b8a8-968fc4fcb55f";"USD"
"64e4e5d3";"360 Photo";"appa7ef959a0b";"360 Photo Cam (App Store)";1756984526820;1756984526000;"2.0.8";"BR";"iOS";"Version 18.6.1 (Build 22G90)";"4.43.2";"pt-BR,pt;q=0.9";;;;;;;;;;;;;;;"f";;"pro";"com.dospace.photo360.10credits.monthly";false;1757003347000;;;1757003347000;;1759595347000;;;0;10.988406222483123;"app_store";"BR";"t";"com.dospace.photo360.10credits.monthly";;"active";"f";;"no_offer";"main_offering";"PURCHASED";"f87f1b18-40bb-4e9e-a78b-23fc2d1be773";"USD"
"64e4e5d3";"360 Photo";"appa7ef959a0b";"360 Photo Cam (App Store)";1747485000619;1757419754000;"2.0.8";"BR";"iOS";"Version 18.6.2 (Build 22G100)";"4.43.2";"pt-BR,pt;q=0.9";;;;;;;;;;;;;;;"f";;"pro";"com.dospace.photo360.10credits.monthly";false;1747486661000;;;1755435461000;1755435461000;1758113861000;;;3;28.864772466618067;"app_store";"BR";"t";"com.dospace.photo360.10credits.monthly";;"active";"f";;"no_offer";"main_offering";"PURCHASED";"68288147e77d8251d9cb48b6";"USD"
"64e4e5d3";"360 Photo";"appa7ef959a0b";"360 Photo Cam (App Store)";1750672258387;1752447705000;"2.0.5";"GB";"iOS";"Version 18.5 (Build 22F76)";"4.43.2";"en-GB,en;q=0.9";;;;;;;;;;;;;;;"f";;"pro";"com.dospace.photo360.10credits.monthly";false;1750672474000;;;1756892329000;1756892329000;1759484329000;;;2;29.529995358553773;"app_store";"GB";"t";"com.dospace.photo360.1credit,com.dospace.photo360.10credits.monthly";;"active";"t";;"no_offer";"main_offering";"PURCHASED";"68592381cea3c24f1af11aa2";"USD"
"64e4e5d3";"360 Photo";"appceea5b82bb";"360 Photo Cam (Play Store)";1750052142363;1756871678000;"2.0.6";"AU";"android";"34";"7.12.0";"en-AU";;;;;;;;;;;;;;;"f";;"pro";"monthly_subscription_10_credits:automatic-monthly-subscription";false;1756628040253;;;1756628040253;;1759220036065;1756628231979;;0;11.108060044981432;"play_store";"AU";"f";"monthly_subscription_10_credits:automatic-monthly-subscription";;"cancelled";"f";;"no_offer";"main_offering";"PURCHASED";"684fad2ccea3c24f1af05b23";"USD"
